open,high,low,close,volume,marketCap,timestamp
0,103.1012271811,112.6894915891,102.7213491759,110.3864314084,0,1229884098.5429447,2013-04-29
1,81.3179243839,82.7299145769,60.4971307641,74.5443453062,0,831161157.7759069,2013-05-03
2,83.8369146134,88.4289305578,83.8369146134,86.2963540213,0,966915935.2482215,2013-05-08
3,88.547852005,91.4264788551,88.2670366944,90.8516890166,0,1014660299.6066939,2013-05-13
4,96.1838006231,97.546728972,95.2492235606,96.1822438463,0,1074435004.5560749,2013-05-18
5,96.4099392974,98.3603239891,95.9320436987,98.0498351248,0,1104096123.7442567,2013-05-23
6,100.3402182575,101.1620714526,97.6064644654,100.4360012457,0,1118216945.0243564,2013-05-28
7,99.4998099667,99.5767555956,88.5340539067,94.114206416,0,1057204694.0361677,2013-06-02
8,89.8497101584,89.8316599985,80.5662791801,84.3738176315,0,948008940.0347406,2013-06-07
9,81.8871609947,83.9746113007,80.2028863538,81.053737185,0,916512547.8927203,2013-06-12
10,74.8146495363,76.5962223355,74.1962077494,76.1170548224,0,860794192.3163334,2013-06-17
11,83.4921845215,83.8398789796,81.9778878681,82.5772040044,0,934891595.5013343,2013-06-22
12,79.901659496,79.901659496,77.5604130987,77.812976726,0,883887540.6422864,2013-06-27
13,67.3783310773,70.6629942212,66.9753575205,69.4781489906,0,783656433.9225589,2013-07-02
14,53.5971002957,58.1962973708,51.9373218575,58.1962973708,0,661759553.2260076,2013-07-07
15,67.9955649372,79.7484855456,67.5912299649,71.6324062747,0,815860220.4111264,2013-07-12
16,73.5716995698,75.976593115,73.1629395293,75.099115584,0,856339292.5066565,2013-07-17
17,69.923235615,69.9126081759,68.280322397,69.4541323809,0,797247914.0381546,2013-07-22
18,72.3206322623,73.0549090507,70.0459441139,70.8864934205,0,813053925.4349627,2013-07-27
19,79.8654014862,81.5894840221,78.0031815742,78.7282361847,0,898733137.8299121,2013-08-01
20,80.500868387,80.6837506831,79.5935750313,80.2269652788,0,927131439.9939655,2013-08-06
21,77.0499198409,77.8743827956,76.7576102999,77.1998201169,0,890536594.9632739,2013-08-10
22,84.8691822815,85.159424535,82.531990611,82.3895115084,0,958610161.5396215,2013-08-15
23,89.2522313058,92.1361707639,88.1332057563,90.3234233781,0,1052898553.4988375,2013-08-20
24,89.3893847729,91.9185347621,89.0657684372,91.2229195137,0,1059192000.4334828,2013-08-25
25,92.4372910805,102.864287338,91.3821736131,100.9834370929,0,1172777625.4155333,2013-08-30
26,103.6595541563,109.6524510548,93.6155715013,96.0296998513,0,1121412282.666464,2013-09-04
27,92.5144250003,97.3817230503,90.7609519479,95.8886546548,0,1126697172.7907684,2013-09-09
28,101.5723702278,102.2043380255,96.9530507954,97.2163716677,0,1137555488.6397834,2013-09-14
29,97.1456001754,97.3765919838,94.944191698,95.8099275026,0,1123924949.160689,2013-09-19
30,93.3980461261,94.6321175176,92.9985903654,94.4551662708,0,1107716624.3701837,2013-09-24
31,99.7707225031,104.0014797414,99.630209832,101.7785655387,0,1195610165.2984247,2013-09-29
32,90.5960972413,95.9578050733,90.616053794,95.1681871546,0,1116942289.311408,2013-10-04
33,92.550373933,97.4554330942,92.3857881491,96.6785045431,0,1135644489.0792763,2013-10-09
34,102.7519582946,106.2910208107,102.4638491417,103.6665468628,0,1227777171.3147411,2013-10-14
35,113.9359863067,129.6989153227,113.7825175009,126.0011679107,0,1495511027.842736,2013-10-19
36,155.5491057935,157.7107196931,122.3464529348,143.6449244402,0,1711692380.961022,2013-10-24
37,144.0124777339,148.5061590182,143.960269034,148.7338083173,0,1767057325.19765,2013-10-29
38,152.7549169397,159.4025669348,151.2717875366,159.4025669348,0,1904866971.6351502,2013-11-03
39,222.1600701898,253.2984320584,221.4903719795,252.8870496272,0,3017449543.335571,2013-11-08
40,268.6388339813,307.5694456938,267.5490688526,302.0912088374,0,3634072674.704175,2013-11-13
41,368.3554532841,521.2413192837,367.1389380917,521.1169524914,0,6267390867.888139,2013-11-18
42,537.6624395368,576.0179814001,496.0133666539,569.0764255248,0,6888454530.333407,2013-11-22
43,680.9537669241,738.2552475484,656.999699879,738.2552475484,0,8896503058.155819,2013-11-27
44,700.3975139209,778.9652697212,692.5023785289,770.553881872,0,9269192878.018257,2013-12-02
45,609.589146409,623.6882541403,467.2115381326,509.5453407785,0,6161396955.776108,2013-12-07
46,640.4846762656,654.5758055312,614.5537946084,635.1443812391,0,7675317387.361242,2013-12-12
47,513.3875972943,547.9311970745,458.4883756416,495.4386948847,0,6017605726.433607,2013-12-17
48,440.1872791287,487.7395685694,428.3812556861,451.2869206462,0,5490276806.744203,2013-12-22
49,557.3828167788,567.6084171161,519.5107568331,534.9465157734,34221337.81218052,6539648432.525193,2013-12-27
50,549.3087679738,563.3991974901,549.3087679738,560.2847359196,16363067.520372527,6841755053.114086,2014-01-01
51,688.6264899529,747.7174116865,664.9853318448,699.457024013,62948352.828661814,8548910176.7086,2014-01-06
52,634.6089173368,674.2371994357,630.511429504,668.7276009417,32746176.922514085,8191729102.070682,2014-01-11
53,632.6591984316,635.9004281217,613.8019721484,613.8019721484,14082438.59391087,7541686727.459921,2014-01-16
54,642.0924574823,650.0922258997,632.5229032484,637.2427330121,14026358.535144713,7841319554.932074,2014-01-21
55,624.2632487574,655.9561385969,617.8135176245,646.8980849813,23564387.568555757,7972796074.588665,2014-01-26
56,603.7400359072,616.8854246327,600.1033716756,615.4393644124,12620168.191206846,7552679123.635291,2014-01-31
57,614.1028649446,619.4569855177,599.9925902635,599.9925902635,16570551.23936367,7424666137.994821,2014-02-05
58,500.345162168,516.5981661817,404.0070453545,499.1425016834,82806785.63560255,6191336404.494382,2014-02-10
59,482.7611573514,483.4477917133,462.2644462056,475.471134339,19510007.3046019,5896698068.663258,2014-02-15
60,453.849535185,456.3981245229,405.4385176412,405.4385176412,34164906.40250564,5032805720.737125,2014-02-20
61,393.3881819226,393.9027974991,305.9084651547,391.931627481,91978446.07878833,4882007889.026433,2014-02-25
62,410.9766558968,413.3313870952,401.6479270644,406.4106127685,5760585.4224025505,5056168723.192291,2014-03-02
63,483.9912742398,487.9571758205,469.8748846824,478.9063521509,11702913.328477785,6035154644.573926,2014-03-06
64,452.5765853744,460.6204782902,446.3647048871,457.6428878115,8455855.855855856,5713948071.8918915,2014-03-11
65,457.4858046431,458.2189459723,451.4554627698,453.7747953347,3793064.0408251276,5680602375.835549,2014-03-16
66,426.9806984669,438.6504969749,407.1108610734,414.2732803439,27880751.923356075,5202973045.4347515,2014-03-21
67,422.2317060778,427.8665809548,413.4716581181,421.3777034005,11868514.364281062,5281621015.992475,2014-03-26
68,336.1685654672,351.2376404696,322.3769288405,331.833435289,20545375.218150087,4182878444.626236,2014-03-31
69,325.9449706604,338.2742370142,324.136741803,337.059991929,9781450.671336835,4250486482.6474023,2014-04-05
70,319.2953663727,319.8427335987,258.3221679477,262.9814164432,40335210.45411883,3329663747.599451,2014-04-10
71,331.8177109019,375.7572919778,328.2975021843,373.3425043701,35877370.783263355,4722003002.714638,2014-04-15
72,363.2454985015,369.847970895,355.3464101483,360.6515595943,8762108.158980671,4570257716.49895,2014-04-20
73,361.5958102785,361.7752630201,320.1669597178,333.6338696601,33880332.610267535,4235054133.911786,2014-04-25
74,323.5519943878,326.7649395316,316.2652122878,322.8131456073,11037431.219229655,4120192705.531422,2014-04-30
75,313.4467687546,318.0483224114,308.1924355997,312.4419739289,7212746.016869728,3978770054.3219666,2014-05-05
76,327.4376634821,331.3011529358,325.9925761871,330.3285701214,4857599.767391146,4212795740.7501636,2014-05-10
77,323.8086806125,329.3783034787,323.3926263907,326.0805002626,5368168.56226305,4165140226.15923,2014-05-15
78,325.4849713213,358.9278412534,325.2913635223,354.4654448102,29410370.478413068,4532461667.590432,2014-05-20
79,385.2622514074,422.8548575836,385.2622514074,419.4525667391,34482725.739015624,5373264710.701973,2014-05-25
80,417.7157785275,453.7476212858,417.7624870749,451.4490184938,23515218.35024261,5806321061.2409935,2014-05-30
81,489.6269546309,490.9406581592,458.3833927711,471.7056415761,27707078.866206493,6057558435.122632,2014-06-04
82,480.4279436128,482.1162607607,472.221167647,477.6740225033,13970396.424122518,6124532373.891698,2014-06-09
83,443.6168746712,444.0038543282,406.0116555064,426.3461609743,28416186.67848176,5498149707.613351,2014-06-14
84,450.0789997111,454.6589262109,445.161667595,447.3898063231,13184233.835252436,5795098914.895187,2014-06-18
85,443.0912514659,443.7666262765,431.2931354013,436.752947639,10341280.353200883,5654179151.729213,2014-06-23
86,438.9807476861,442.934727384,436.6659557303,437.1283148168,9817615.59317066,5664975217.425076,2014-06-28
87,476.6839891105,476.6141657636,471.2690906199,474.1005334064,13880017.579841781,6132573551.12804,2014-07-03
88,457.6038275077,460.4327436075,456.4150120714,458.8851301146,7354281.5141492095,5968435594.083057,2014-07-08
89,466.0961122808,466.4709265423,459.4243468475,460.6256961086,8297934.8864555005,5992699109.318733,2014-07-13
90,460.4002208571,465.0502680675,458.9968818341,464.7294838871,10473516.792424915,6063184540.893623,2014-07-18
91,461.2527742758,463.7782458953,459.4924418736,460.1894338985,8210753.007574633,6004866417.273132,2014-07-23
92,442.4612927657,442.7859681612,428.0924364086,435.8792729061,14385165.326184092,5702134567.061364,2014-07-28
93,443.0280088278,443.0369177424,436.5170012637,438.8836817192,6225111.706881144,5746336884.845099,2014-08-02
94,437.0204784674,442.3768926106,436.7070449777,440.9022301248,8320675.73628345,5771426805.50157,2014-08-07
95,430.8437515326,431.1695673319,424.7020243633,426.2511439753,10446304.461549958,5591014305.956206,2014-08-12
96,387.5061795989,388.2884246036,361.0496506757,367.3676054588,18139060.983802345,4828691244.868254,2014-08-17
97,389.8327887718,394.253423986,377.0402361012,388.1913833146,27539278.451457407,5101219557.264442,2014-08-22
98,388.9944754909,395.1050795774,387.3555701822,387.5307165555,17200956.937799044,5122555096.984886,2014-08-27
99,364.0004474361,369.3910791261,359.6052759751,361.6472452995,15566052.110315405,4781585810.871552,2014-09-01
100,373.2362960757,377.2934372361,372.9714176369,374.3860900172,8186409.266409267,4955599056.370656,2014-09-06
101,371.3355562051,373.7127242454,366.9759416621,371.2940120114,13048079.90089811,4923741691.77764,2014-09-11
102,367.028906718,367.2344026336,359.1167315647,359.6951507571,12982918.534549389,4782478595.014686,2014-09-16
103,318.1205109566,321.5045173628,306.502182535,310.6324592291,20720377.299657002,4134433485.212036,2014-09-21
104,322.5629052103,325.3394921446,314.1020829883,318.8968520683,16825401.803214427,4222713826.9306154,2014-09-26
105,296.38900835,309.5621454838,294.3277058355,306.4174851474,27352273.622822918,4065427791.630546,2014-09-30
106,262.8174071973,273.1130602262,231.1594007113,256.162092204,66566596.883739516,3419129740.111866,2014-10-05
107,287.449366847,295.2818344229,279.7519320721,286.3630696331,34417671.6323796,3810066088.5946245,2014-10-10
108,317.1861297146,318.0917277549,304.1511431786,307.9352654087,19988212.957835615,4180874358.1599555,2014-10-15
109,305.3750098453,305.9002626197,296.2964234374,299.2145378825,12881688.372822847,4026578144.6100736,2014-10-20
110,283.0394573257,284.026039804,270.6211635045,274.089183973,14307419.10023678,3679667892.9123917,2014-10-25
111,265.7818184566,278.2153289342,265.6981928212,273.8776908913,23891932.5469084,3675238772.662497,2014-10-30
112,261.9173891139,265.0743035243,259.7498968035,263.319260931,12533424.065327035,3562512465.6953006,2014-11-04
113,277.3658906843,291.717614986,276.4656319329,291.5441473261,19439126.244779956,3933473469.9646645,2014-11-09
114,335.4850803299,336.2085117563,308.8937958295,317.7206238831,23724502.886465684,4306478730.355997,2014-11-14
115,298.3530131613,308.6415808568,298.4720971452,303.5212894208,15106766.677306097,4105413189.1318226,2014-11-19
116,296.6195117993,311.2362469999,295.7962297093,303.145661527,25002101.689434968,4124302638.9782557,2014-11-24
117,302.0330882099,311.2261226783,298.8156327394,301.5023264128,12345912.959691666,4086879138.8710456,2014-11-29
118,305.1392731751,307.7495113616,296.867131648,298.4528455315,11800211.158937708,4074138918.541379,2014-12-04
119,293.8890604301,295.056469796,278.2087174526,284.3456802621,26730144.550917655,3887359069.205782,2014-12-09
120,278.2720623965,283.1511536476,277.2215082404,282.1407273733,9964044.943820225,3840486041.41252,2014-12-14
121,253.2381067673,260.5373707688,249.7508853303,259.9517355529,19387288.411458332,3524415348.9583335,2014-12-19
122,274.6940029291,274.8961134224,263.4073726466,264.5890045792,12398176.291793313,3615080727.2652593,2014-12-24
123,261.0954871544,262.901820958,257.0216499349,257.2780493933,10110535.831689678,3511068509.820842,2014-12-29
124,262.3935397123,262.6468821539,234.2545218205,234.2545218205,27547628.969080757,3205492017.334778,2015-01-03
125,248.5507941234,248.466810074,239.3747775644,240.3095573093,16885668.413047154,3281026504.664526,2015-01-08
126,224.2551365805,229.9400261275,224.8029263432,226.3511030261,15908577.687900236,3095341998.736097,2015-01-12
127,179.6783951187,183.0474650364,168.4749719028,172.2659241868,20290222.183798738,2366106987.118527,2015-01-17
128,195.7647315067,204.3091088634,195.2859040425,205.6984276543,28887874.61246986,2764349548.9149156,2015-01-22
129,242.8366896502,245.0017884973,222.0132859858,231.7690060728,39469286.15876967,3224963043.3816338,2015-01-27
130,192.1557721022,204.715351067,187.856636,200.7358274715,25809409.888357256,2773026287.2585506,2015-02-01
131,189.1220611599,203.0746141369,189.0966284468,196.3480622524,21303661.72624237,2675742555.5797734,2015-02-06
132,194.1438369225,197.2331648798,192.9858452451,193.8146587307,15198710.019438064,2677749138.20463,2015-02-11
133,206.0410607601,210.0508603821,200.7556128803,206.3563380862,24702728.78827762,2840724640.887953,2015-02-16
134,214.2309710858,224.3979674145,213.731768094,214.9182603112,10796449.288099842,2979761126.5160837,2015-02-21
135,208.8866446182,209.2149328585,206.1758526529,211.0757922266,11986798.098926246,2888815881.6669602,2015-02-26
136,246.1261655394,255.7229688531,239.9007074094,251.9245178408,45155525.72706935,3504347671.767338,2015-03-03
137,254.9414497058,256.2556503818,251.3741606948,253.0007413374,20352208.798303053,3521974879.5075164,2015-03-08
138,276.7909010678,277.5402750352,271.9567342883,271.9567342883,29570393.3747412,3742658232.9380765,2015-03-13
139,269.0580331137,269.3119382116,230.6776173534,236.2856192777,53806512.50589901,3375811012.1944313,2015-03-18
140,247.4780498972,254.4009147434,238.9056180332,243.7539890655,21073348.729792148,3443058975.057737,2015-03-23
141,226.8531331896,233.4940771848,226.8531331896,232.2017122719,14733994.672545237,3249175286.304767,2015-03-28
142,229.4447065806,233.7936406975,226.733185852,232.776708881,24396508.49661064,3291831397.8828115,2015-04-02
143,233.4894375516,233.9323206912,230.5136658725,233.9925995155,16891429.616756607,3248892461.3555293,2015-04-07
144,223.1041347502,224.2293876874,220.2367431779,222.6598150838,11684493.491794001,3128776663.1956234,2015-04-12
145,212.4895388568,212.3432336358,205.9977736614,206.2767272413,18992098.168634377,2913984794.6918287,2015-04-17
146,219.4300130436,221.764538201,217.8354151192,218.386640747,22210952.780106176,3071430780.2924466,2015-04-22
147,208.1356900736,208.6265859939,197.5307895936,201.9604166367,26607556.536127966,2843552985.8429856,2015-04-26
148,210.4718959512,212.7167557575,207.2318910179,207.2318910179,16784388.938447814,2922011248.840321,2015-05-01
149,211.3328499149,211.4594837694,202.125917298,202.665371036,26466768.047231417,2904869758.6098933,2015-05-06
150,214.648500198,218.8603210039,214.8411479807,217.2795018042,18662170.611880302,3060767883.9213934,2015-05-11
151,207.5312175289,207.5775095848,205.4798691546,206.2291501859,9684481.704654615,2921988650.292551,2015-05-16
152,210.8062395007,212.5051762117,210.1887700799,211.8879932841,13610395.45986848,3007738084.496892,2015-05-21
153,216.1779758445,218.4904662459,216.2510334368,217.8373884377,14975382.932166303,3070812179.7957697,2015-05-26
154,212.1916760779,212.2981695653,209.3406360659,210.1040548023,13407481.56912715,2979663625.420952,2015-05-31
155,200.030347098,203.2086351793,197.9239099455,202.4588208529,16113242.905586293,2858487306.264501,2015-06-05
156,202.7940091367,203.4009008415,201.9217096235,202.31938613,14085015.940488841,2889341993.340418,2015-06-10
157,207.985384541,211.0158801661,207.9483270114,210.0798350456,17742225.78633164,3012856803.9918027,2015-06-15
158,215.3500649752,216.4931773929,211.9128127709,215.9506874639,18148921.180096872,3087166172.0827827,2015-06-20
159,214.5158460448,217.2801149499,214.4584274564,216.7461131688,14398125.836680053,3101624503.5430613,2015-06-25
160,229.1894879556,240.2610138977,228.7274344464,236.299282284,39709139.5452519,3361773982.701739,2015-06-30
161,234.7057169508,250.2333746243,232.8122649114,247.328537734,39737311.01511879,3511506064.722822,2015-07-05
162,243.3158613807,264.6106201545,242.8641145222,255.2585005386,90752124.38980293,3700692449.0598445,2015-07-10
163,261.7639162375,266.7345696197,260.5615452835,261.3652249541,24978735.005452562,3737134951.2268267,2015-07-15
164,252.5616335026,257.5763895751,252.0871734901,257.5763895751,20972758.334102873,3711298747.234278,2015-07-20
165,262.2533686429,264.5913739616,260.2857791774,262.7384337157,18804331.998543866,3789857518.793229,2015-07-25
166,263.2996328107,264.64107186,261.1335822527,263.0240285797,19704735.88342441,3784500752.9143896,2015-07-30
167,256.8264895923,262.1719547971,256.8030372601,262.1007048893,20007945.20547945,3766720446.894977,2015-08-04
168,254.9831413677,255.1526834684,237.6355769347,237.89719194,53352474.706043206,3443668784.659557,2015-08-08
169,238.6435484275,238.4523015037,236.7083964499,236.6944398783,24821140.398063473,3431583937.6008606,2015-08-13
170,232.9323533578,232.9928758915,191.4027881311,191.4027881311,38063036.21421476,2766282462.1602097,2015-08-18
171,202.2261298105,204.2705423377,198.0161532927,200.5705048766,16157478.932584269,2910346468.354986,2015-08-23
172,199.9119252921,209.9419797756,196.5533762216,207.0101951098,27879537.366548043,2995240055.8718863,2015-08-28
173,201.8831277537,205.06669855,200.8291266325,204.516989191,16609473.218238158,2957418506.772908,2015-09-02
174,215.1681514997,216.9603036183,214.1580695452,214.9551892114,19004752.936956327,3137621842.283203,2015-09-07
175,211.5869757653,211.8242703951,207.087154025,207.5061784635,15845624.55892731,3030876693.542696,2015-09-12
176,202.9376364532,203.5938499356,202.6431750669,201.5700355746,16774805.102763997,2976831456.856839,2015-09-17
177,202.8863807461,207.8029165581,201.302874358,207.4275914875,22355680.700813442,3018447826.2715654,2015-09-22
178,209.2769105902,209.6228110266,207.7719169942,207.8744340307,12674204.5048266,3050114259.724705,2015-09-27
179,212.0321783453,213.7272649101,210.0150868331,211.7175225442,17585254.691689007,3112986218.391421,2015-10-02
180,218.4876170844,218.8828746725,215.8997923762,216.241539819,20412887.192686606,3169584193.174758,2015-10-07
181,217.2048213971,217.5993622502,215.5609291845,216.1113546447,15298521.907443251,3176076013.7251453,2015-10-12
182,231.5971875516,241.1441189332,231.2622339308,238.5544421758,38078096.07756721,3514926563.2437196,2015-10-17
183,234.922427889,244.3315452555,234.5628501372,247.3131861497,33329160.789844852,3563579255.5535965,2015-10-22
184,257.9189651405,268.1379610892,257.7858136808,266.3294301376,41902686.08121552,3924834441.5302525,2015-10-27
185,286.2120705822,297.1884788668,283.3736252616,295.255851711,33619025.98582591,4373330188.533527,2015-11-01
186,356.6280645807,368.8027564848,325.3906193902,348.6036131267,112753423.3985847,5096643042.459332,2015-11-06
187,316.5828277662,317.3250642459,279.8930716732,289.0846713991,99748462.82839575,4297402015.09223,2015-11-11
188,309.2395495571,310.7353642569,294.7910772835,299.2764863595,41052089.13649025,4412687151.810585,2015-11-15
189,304.3743106511,304.60253027,291.3831175903,302.5385223354,49564434.91234614,4463168166.775457,2015-11-20
190,300.7376559178,310.0650048851,296.9625846195,308.9870021205,39153260.66528848,4590196224.018042,2015-11-25
191,351.0415005375,361.9833443073,350.1446356641,357.0410810033,67764483.50817503,5314427744.967395,2015-11-30
192,334.1488362892,358.0937103005,333.6968340893,357.325682248,60893155.71887919,5332335353.330271,2015-12-05
193,379.5405489801,380.8524763373,374.270647645,379.6062164516,47343049.12376282,5637977972.895669,2015-12-10
194,403.929375487,425.6114647437,403.745671023,425.6114647437,75640280.28028028,6337050406.360907,2015-12-15
195,425.5122975136,425.8906278318,399.7588704053,407.3663362093,69418576.82039952,6106958366.013072,2015-12-20
196,414.7866231865,417.8183906243,412.5524842189,415.2492619491,35636056.90315521,6234667671.986139,2015-12-25
197,396.6858809786,397.826718022,386.2762102064,390.2131117874,42927217.79730843,5868700406.939486,2015-12-30
198,396.4061246554,401.6239932443,395.7974493982,400.1949763611,35466402.433404,6005819283.279565,2016-01-04
199,414.843989025,415.9941574238,408.902010768,409.5626246058,29534266.630066793,6169610525.116662,2016-01-09
200,397.1410145933,398.1293689149,391.8353340239,396.4127128106,40372531.00597152,5962920427.33119,2016-01-14
201,355.395776838,356.8286499046,347.0439421825,348.5047550572,42993388.42975207,5271748547.474748,2016-01-19
202,359.6534053805,375.4838275318,359.1048186133,373.2941253365,50806042.072097115,5647102129.228061,2016-01-24
203,347.6385601875,352.1244025309,334.3874058465,350.3591533777,78768333.63819279,5255154400.17377,2016-01-29
204,343.2081312695,343.5181055493,332.1406131466,333.5578443125,42078966.65445218,5139218923.662514,2016-02-03
205,338.1716080472,341.096343542,333.7511307819,333.8222856591,42788887.89157167,5090423509.020734,2016-02-08
206,341.8727146129,348.2890279545,341.8727146129,348.2890279545,55027730.868367255,5296666541.196338,2016-02-13
207,374.6824887271,384.3341773703,373.5400381848,380.4133890299,69034538.58607663,5784806247.769383,2016-02-18
208,397.5462671288,398.2417398904,379.4233694191,381.7584542525,77326647.3149492,5818066330.914369,2016-02-23
209,395.9013896074,397.1745975934,391.5695571446,395.6087189712,38318485.31967438,6036326233.129059,2016-02-27
210,390.0910898175,390.2146462158,386.3046981138,385.2453183888,92467102.23612772,5927180350.667157,2016-03-03
211,376.4441383632,377.8188358669,372.9758611328,376.4066056222,63861667.57493188,5750610634.786558,2016-03-08
212,369.1579322517,373.6023710037,369.1525408403,370.9262764861,66651242.04107255,5686217885.839835,2016-03-13
213,371.7706834073,371.7049647077,360.465956695,363.5256560895,92768741.15983027,5550856173.797737,2016-03-18
214,372.7257427063,374.9490300224,373.3130712629,374.0524204612,54767982.88617524,5719623622.2479725,2016-03-23
215,382.3827917081,382.3855546259,378.2103281519,378.9129935234,61427879.874495745,5844813604.195428,2016-03-28
216,367.4558681569,370.6691785829,367.4558681569,369.6083128478,40116975.49837534,5687061658.847809,2016-04-02
217,371.6943012347,372.3475241162,368.9401696535,371.970959188,50766517.50460648,5714392572.712117,2016-04-07
218,370.7197852539,374.5415568519,370.6223043742,373.5635234945,62010170.08591969,5750176589.295108,2016-04-12
219,381.7694914256,382.4211012387,377.729618803,378.3631257227,46210904.25531915,5851842531.648936,2016-04-17
220,398.4123223897,398.2029015214,393.1226711776,397.0930953334,52099229.20173651,6106462629.972535,2016-04-22
221,412.8404404181,413.3442566458,392.1020594028,392.6249441275,82844781.29980521,6095034997.033823,2016-04-27
222,394.322497091,394.6314935231,383.8526379152,385.9638975329,80383038.12930809,6013254890.759969,2016-05-02
223,403.0860366293,403.9945521292,401.0558669885,402.1187501028,33644216.434271686,6240219359.466807,2016-05-07
224,396.1188854551,399.9551693424,393.457698371,399.8997460525,52398266.50323936,6186272835.274033,2016-05-12
225,401.2807165331,401.5813545418,400.7819499791,401.1164054645,56655736.25596606,6239014898.79795,2016-05-17
226,394.8841652357,395.0703866297,391.6458551848,391.6232822668,35332858.16108339,6095939326.844262,2016-05-22
227,405.2551122275,427.7207145688,405.0741301302,426.0451626544,147244206.952015,6596871092.485033,2016-05-27
228,477.099348391,486.3257966238,472.6942323095,480.0786685534,77310276.67984189,7529034495.149119,2016-06-01
229,506.3018677823,516.2587770274,506.2126594539,515.4374888245,63564099.039562955,8063284068.402502,2016-06-06
230,509.2747635073,514.7795681424,507.6368091084,513.3979113648,59248164.8536305,7989318134.120457,2016-06-10
231,611.7271813352,618.2764859844,599.2168336788,616.7575436418,88521545.18690339,9703591860.380053,2016-06-15
232,673.3600722372,673.7954006834,647.5713563819,651.3172658217,153821955.04627588,10190468028.911415,2016-06-20
233,599.6223576921,623.4619360671,582.7481036468,599.4799331589,114155926.0928346,9411595358.990536,2016-06-25
234,576.0710462392,610.7270233626,573.2108510638,606.5552428589,124982014.3884892,9517560970.683453,2016-06-30
235,613.1284074082,613.6568754103,599.1045662588,606.24391083,117092344.96993628,9471049121.690748,2016-07-05
236,588.7240964831,590.2579009571,580.2768772516,588.0818559605,92780743.82408832,9256177577.594788,2016-07-10
237,593.6338441173,604.7294228694,592.1293603121,601.2646223215,73552867.4351585,9414068488.472622,2016-07-15
238,610.9753271644,610.8096724274,602.1786359401,604.28921347,85939338.9030149,9532807478.841265,2016-07-20
239,602.9570534223,603.5823100134,595.1858439891,595.3372029337,71283391.99416432,9409935943.193216,2016-07-25
240,587.6147249135,588.6978109838,585.1077581388,585.8572552279,34394150.79152133,9247871643.14462,2016-07-30
241,508.0550636873,521.0826109879,508.4264715484,519.4834723903,112399748.81133938,8193969673.167668,2016-08-04
242,533.2353165846,533.2350053387,527.6486779619,528.7882560189,83208314.68783833,8380886173.583544,2016-08-09
243,524.4393598942,524.5083428488,505.8495350285,511.0849511386,54496775.92692101,8078854088.250045,2016-08-14
244,506.2931851709,510.7206995886,506.3779935055,508.2376875179,44632933.70944993,8028309174.330042,2016-08-19
245,516.2481084016,516.4970589039,514.8317326367,515.3050953335,49843553.667817004,8127359490.753031,2016-08-24
246,512.7923036058,514.7637473307,512.7548523386,513.145329486,98613666.81554265,8122751992.058955,2016-08-29
247,516.0539699415,537.5235362683,514.7099706567,536.3686677106,142575091.9035237,8500295908.1144085,2016-09-03
248,546.9742900824,559.2049266553,545.7361256585,555.8359771068,77167393.43241079,8838135306.176025,2016-09-08
249,540.9956619041,545.2212249456,540.4496774648,543.1407932888,77338375.30029362,8600787301.307945,2016-09-13
250,543.5078619628,546.8835887959,543.1250722245,546.6290431456,43639085.61183326,8679523385.549082,2016-09-18
251,533.9045246261,534.7931369062,531.9530805633,532.076357306,59967194.064539194,8465806931.813712,2016-09-22
252,540.5600752634,541.1458948753,538.7585707229,540.4957785332,43938833.57041252,8564465954.125177,2016-09-27
253,546.0713315368,546.1220358292,542.2769784185,543.9337804368,34910433.15840968,8639843980.27217,2016-10-02
254,549.9173888612,552.6940852457,549.9020167955,550.9516754573,57514721.72351885,8813824052.217236,2016-10-07
255,579.7114171684,580.6581938412,577.6249108587,577.8310777489,83555133.42379014,9161144082.767979,2016-10-12
256,585.3867139402,585.7450327646,580.6555367782,580.6094951077,52958409.33965706,9285377848.869026,2016-10-17
257,581.8195059071,604.8493121525,581.5566767009,604.0194875461,72189391.6559456,9625494999.448631,2016-10-22
258,621.8153380928,631.7955721999,621.5988064057,631.6536553925,88113409.73686624,10062188186.027323,2016-10-27
259,639.4392551948,671.516391326,639.3226755676,660.1474715379,119007111.59737419,10615302292.122538,2016-11-01
260,631.5047211474,640.8775196101,627.6895446914,641.4152823008,53748048.45222073,10190565559.62315,2016-11-06
261,657.3167303654,660.5222925647,655.0614094485,660.2866458453,57982454.52875253,10510969493.110416,2016-11-11
262,663.1545992051,700.1451491238,659.0806855037,695.1872938317,131754942.18575159,11097017846.419247,2016-11-16
263,691.1767624276,700.3984748473,689.0953775735,695.1085903525,57469187.14555766,11179492387.712666,2016-11-21
264,700.1992316602,700.8630682321,688.9754485364,694.4117271416,51900566.57223796,11116993294.523134,2016-11-26
265,704.6146774724,711.7280124029,704.2156130903,709.7861440784,75993486.96637703,11449217263.883642,2016-12-01
266,705.3923119218,713.8666753169,705.3267367325,713.0285491915,108049460.76608405,11388143334.603943,2016-12-06
267,733.8056584203,733.8491888926,724.9592605652,730.0180368612,54284334.15419587,11692449373.176739,2016-12-11
268,747.9959791582,751.5863881492,748.2833935594,751.4667136638,80284424.81275207,12094767177.453428,2016-12-16
269,770.6651091862,800.269549985,768.8065294257,800.269549985,149750697.8534989,12893873484.743479,2016-12-21
270,858.1180915584,873.7766921788,857.6190574239,868.6925587209,118418484.50057405,13950813219.479525,2016-12-26
271,913.7515591745,916.7154769876,901.0140045175,916.7154769876,94297635.30866545,14736568269.951488,2016-12-31
272,1002.688195482,1105.5783769861,1003.6517628427,1100.2667751012,331169339.4777266,17830135377.304146,2017-01-04
273,867.3606406636,868.4402377351,834.7315055369,853.0926986012,134748781.4607275,13798856078.734922,2017-01-09
274,775.4365461973,784.7805863854,763.5147012991,769.1119136403,87457284.08984119,12384740148.294333,2017-01-14
275,835.8440176634,848.6060165777,831.7701398564,843.6454893937,99383703.42491531,13630614132.574331,2017-01-19
276,846.5901291746,859.3500274607,831.8131917052,832.2646016397,103513061.26243377,13380149098.261597,2017-01-24
277,862.2283678713,863.4917054284,858.2949017218,858.1390309656,56902655.69478212,13871683118.0101,2017-01-29
278,939.9312535756,961.4712127938,937.7114501091,955.3010241904,187043955.0227674,15450097099.618994,2017-02-03
279,995.0542771535,1010.3661117175,974.4434960406,994.5457444935,189073630.57324842,16083551074.466093,2017-02-08
280,940.8354617742,940.8506014327,919.0226122035,934.7443185588,94760290.10078177,15079892721.861166,2017-02-13
281,988.7946102512,999.9999769917,986.6741691994,993.7046875368,93368677.78720196,16069234599.472246,2017-02-18
282,1059.0237151955,1111.9070072927,1058.1280418127,1102.4472934925,179577251.18483412,17893310043.601894,2017-02-23
283,1115.6760566032,1127.4092970522,1106.8479704251,1116.5499344276,174767079.2780875,18051294340.73514,2017-02-28
284,1181.0640669138,1193.9796863223,1165.7815994291,1193.2573642689,126296610.16949153,19327905150.659134,2017-03-05
285,1124.265039561,1198.2174579865,1008.3777964991,1046.6960077825,532938810.8516873,17109545904.14973,2017-03-10
286,1168.8595986613,1179.5400860914,1167.9227508243,1164.0521521673,280683310.08482563,19100689290.48068,2017-03-15
287,965.5929903504,989.3252948319,964.0844915009,982.0493530217,266738022.7145783,15925587803.295475,2017-03-20
288,867.4075928752,903.7334318127,837.0038091093,900.9715584877,403633424.09928685,14628860888.765398,2017-03-25
289,968.776687988,975.8114377964,950.0232635069,960.4473226452,328099081.61368287,15500638655.883993,2017-03-30
290,1073.7907944612,1086.8796441788,1051.2430992882,1061.493068565,408989516.31046116,17267774711.75478,2017-04-04
291,1110.8099946083,1130.2964132718,1106.3632792216,1122.8565980879,228798157.0996979,18240664583.836857,2017-04-09
292,1102.7324564729,1121.9144986133,1091.978193261,1100.5184645702,240108365.21247527,17902949229.71827,2017-04-14
293,1121.6480499213,1144.4402164574,1122.2807366092,1129.7622787369,254180212.346143,18535502186.413605,2017-04-18
294,1148.8576368044,1149.1186712411,1106.969420197,1110.282314851,241491194.6283689,18340011325.655132,2017-04-23
295,1212.8301796911,1225.0667427044,1185.878138298,1208.3340802834,485493780.0276116,19749350715.140358,2017-04-28
296,1329.5957831506,1371.5270300728,1326.26900333,1368.6873939748,533927170.2944942,22225749885.952076,2017-05-03
297,1456.5122618983,1577.5814496393,1455.9810758072,1577.5814496393,1222473549.7993433,25650646962.96972,2017-05-08
298,1576.9378558774,1659.1836645322,1511.0093859748,1651.7891774318,530461250.11439556,26971011126.01812,2017-05-13
299,1630.9747566782,1714.3577103868,1619.7185579611,1699.9550174744,802009706.7527575,27671576392.251816,2017-05-18
300,1950.3070735906,2076.4248620912,1938.5121907813,2076.4384088367,1226973348.7585654,33757857137.581203,2017-05-23
301,1836.9523145457,2027.6695473892,1836.9523145457,1928.9549470545,1025880851.3682704,31536550804.507244,2017-05-28
302,2144.1580710818,2206.5526235397,2114.8815437171,2206.5526235397,1174661091.6874776,36329371954.24545,2017-06-02
303,2546.2595463772,2546.0336138531,2398.7920222009,2427.5076962322,1346800915.7866714,39709146524.00391,2017-06-07
304,2636.8035452706,2675.4083814743,2249.7186767251,2375.5179374888,2294223314.285714,38915492439.73214,2017-06-12
305,2245.654318683,2398.5618056331,2219.7051906543,2372.3804223426,1370710095.5783832,38899536803.57302,2017-06-17
306,2410.0215200581,2441.0646981846,2366.0101248405,2427.0296152412,983288525.8821422,39749458120.365395,2017-06-22
307,2216.6621511241,2251.8305700678,2067.3371645852,2251.8305700678,1332429972.274394,37471774013.95224,2017-06-27
308,2133.2632014217,2201.4534885709,2096.874256099,2194.4230176004,703744862.9717188,36045018142.89467,2017-07-02
309,2284.2294990286,2558.2418568104,2191.9913308662,2209.3508000959,803337975.4816113,36244498839.316986,2017-07-07
310,2033.4466697448,2122.5238295275,1982.001822962,2100.9284357073,974032468.6192468,34385987132.147835,2017-07-12
311,1684.6408604578,1943.4434000474,1684.6408604578,1942.3079509364,1047559274.7559274,31960768407.33961,2017-07-17
312,2289.0975148503,2455.3267471908,2279.7306235525,2410.4650173164,1009718634.4141362,39684628896.037056,2017-07-22
313,2164.2881167413,2306.3196338066,2157.0357222332,2285.9172050795,672722932.6513214,37522193603.49531,2017-07-27
314,2352.6947554145,2440.5575314084,2318.7676701797,2433.0175054075,732716028.9484887,40347666899.106,2017-07-31
315,2461.6684077925,2795.0131762515,2442.2989364752,2763.4949554918,1652960638.8582108,45572553354.770195,2017-08-05
316,2841.2175547446,2935.1095964405,2827.7280609107,2872.7952670322,1288139785.7507226,47433361673.18483,2017-08-10
317,3675.0384188678,3782.6572282205,3335.7642456367,3562.4245470494,2767156487.175132,58636703822.4053,2017-08-15
318,3562.3384851988,3568.2738427402,3460.7822132759,3477.3797635979,1794022095.2380953,57415373161.13946,2017-08-20
319,3672.8149734837,3748.6961091305,3651.5345012345,3666.2194713655,1464753791.641943,61237185292.19293,2017-08-25
320,3818.8167306829,3861.2251873905,3742.3921629143,3839.9359110838,1619192834.224599,63070458709.55882,2017-08-30
321,3865.0083188657,3864.6830088482,3452.4368927258,3562.3192554606,2514587582.4915824,58995876478.28283,2017-09-04
322,3515.174984288,3580.8358881565,3419.0225739892,3512.05855447,1152023615.058589,58143312126.81792,2017-09-09
323,3259.9008388186,3297.6701973726,2646.5218657564,2646.770093265,2284917577.3889637,43964883761.94482,2017-09-14
324,3406.1789624268,3421.9910300563,3228.6323267859,3272.9903024542,1307675612.0401337,54398984814.54849,2017-09-19
325,3176.1629035674,3176.1629035674,3068.0220066464,3088.0765452714,642582811.24498,51106066897.67403,2017-09-24
326,3541.5740870936,3575.962907528,3428.9389126167,3524.4410973745,1160582378.8097463,58651962518.04058,2017-09-29
327,3677.311524934,3701.5734466693,3579.9846287518,3597.9241712303,950766259.1520518,59786338820.023834,2017-10-04
328,3929.9267752778,4152.4469835199,3892.0866376737,4064.7529978971,1676664936.1267245,67520148989.26929,2017-10-09
329,4773.7521444394,4937.997120041,4729.8596994745,4932.9978337527,1411800047.3693116,82001774936.9819,2017-10-14
330,4734.3905667076,4848.37111551,4684.5600564019,4818.1296586185,1509699874.512464,80511114223.3339,2017-10-19
331,5049.7873230656,5049.3577367344,4679.2316380016,4700.3233004922,2327462964.0973287,78261209630.50876,2017-10-24
332,4957.305256208,5389.136768554,4931.581735118,5302.7575162915,2462991040.6616125,88286048923.15645,2017-10-29
333,6079.5417611565,6405.6404868325,6007.4975906376,6209.8386883992,2890598812.83239,103017160198.1472,2017-11-03
334,6156.8927345569,6709.594410591,6134.8913586851,6434.650169418,3967755896.197948,107216801447.53857,2017-11-08
335,5397.7966177763,5680.3993866822,4732.0670201706,5102.9758355221,7680142234.416531,85077761813.59856,2017-11-12
336,6667.9995111384,6788.7285588585,6415.8590103946,6536.9204056432,3949456627.6108,109204879488.87756,2017-11-17
337,6880.7071510328,7066.3543838837,6880.9391742022,6986.2449675703,3095000095.4003406,117374669577.51277,2017-11-22
338,7841.6363935294,8247.9415401336,7842.951552673,8247.9415401336,4739934763.14245,137519463477.82343,2017-11-27
339,9233.9976488245,9521.5747290037,9172.4279665026,9314.9967275423,4322062491.378585,155708671069.89655,2017-12-02
340,12085.8180357294,15205.3170393731,11917.0055990908,15205.3170393731,15207302202.643171,253647377371.2301,2017-12-07
341,14369.2575636943,15160.5429117998,14075.936132995,14832.9787842816,12402377538.853502,247544743702.76007,2017-12-12
342,16572.328779144,17094.1116405718,16157.795801222,16299.7537096568,11329645963.2403,272784690988.76788,2017-12-17
343,13413.7698278772,13478.2317952701,9983.9689503881,11665.5138776145,18729328059.399258,195568919555.3493,2017-12-22
344,13633.181511471,14249.2008000547,12703.2272690263,13310.7824186906,10532726153.846153,223987155912.61807,2017-12-27
345,11758.207128239,13014.7084983232,10961.3367180339,11372.4708096532,8574570904.849192,190900812694.5509,2018-01-01
346,14517.8746336673,14725.973055059,13937.9777264508,14571.8323910875,15226638217.492517,244610428728.79947,2018-01-06
347,12520.451857225,12563.8278439748,10970.0346452038,11133.4605138174,13830280190.715181,188355268966.95944,2018-01-11
348,11280.9617687525,11287.5893748981,8316.2577621543,9364.7106764466,15372034191.60212,157457089899.71463,2018-01-16
349,10547.6270010741,10553.1099759615,9199.8371599939,9464.8332321924,8130261682.487725,159647676752.04584,2018-01-21
350,9084.0125897829,9380.1401748712,8413.9342692764,8995.4105730131,7865547213.299975,151719638993.6244,2018-01-26
351,8146.5185326503,8347.3503331792,7870.4177105973,8232.2000719837,6480625557.704706,138700483512.25015,2018-01-31
352,6645.1390318677,6717.1282773227,5450.2542355257,5624.9656445865,7460461179.49542,94154254476.94038,2018-02-05
353,7128.3250863443,7457.328377902,6781.222698081,7048.0670241355,6360631289.135943,118811283237.96289,2018-02-10
354,7610.7486263736,8187.83984375,7514.6605439694,8132.4697149228,7269222979.064731,137545365715.08783,2018-02-15
355,9059.3642560796,9693.9850843061,9060.0950267706,9245.7436316787,8006565807.3882885,155232953631.23083,2018-02-20
356,8368.7465999451,8620.5158995465,7766.183784725,7982.6489160498,5627535983.079802,134782233065.9725,2018-02-24
357,8519.2780968007,9012.7210345654,8496.2660609869,8924.2930486513,6002690520.098441,151771741652.99426,2018-03-01
358,9322.3894369123,9323.1452041954,8623.7398634687,8682.9644709021,5538399792.477303,147718317187.0947,2018-03-06
359,7194.4577598029,7889.4310710297,6994.8152110423,7782.4422187297,5116920094.270621,131661690567.24908,2018-03-11
360,6763.2944549407,6987.7506028203,6507.853067713,6786.3185556889,4298212124.167073,114669082706.8097,2018-03-16
361,7297.6896127623,7470.3867457774,7209.1354234577,7233.1148428007,4934375647.9137745,123453839666.8572,2018-03-21
362,6880.2377967637,6896.3376814011,6364.1280435296,6590.7196456527,4793587979.274611,112595702694.30052,2018-03-26
363,5594.091372834,5850.0528347182,5570.5868188712,5659.8732125284,3695535881.8277736,95937542348.0237,2018-03-31
364,5574.3528425393,5653.3386255351,5411.5154366703,5561.2918148626,4590037493.081556,94029305188.01889,2018-04-05
365,5516.6747373001,5562.902830055,5439.4725373986,5529.2935568522,3468704400.0649457,94153563049.1963,2018-04-10
366,6488.2229524901,6763.2572973274,6488.2229524901,6754.610616789,4253775650.9043717,114710956592.58658,2018-04-15
367,7202.3360239805,7323.4334303272,7042.2842183176,7240.4200538214,6144025837.538662,123026320306.0394,2018-04-21
368,7286.8110054236,7665.601061798,7170.3967165804,7665.601061798,7371648852.000986,129668277792.75208,2018-04-26
369,7659.1354636663,7664.6901977579,7360.1405667943,7605.5127319641,6385478850.898253,128416369008.19604,2018-05-01
370,8233.2409853759,8312.5436096651,7915.4122763004,8077.3026057789,6039705796.956013,137411444453.92206,2018-05-06
371,7599.865648873,7599.227701618,7029.3585336941,7068.7407757285,7126024338.482203,120671425530.55742,2018-05-11
372,7196.1500729819,7192.856274833,6911.3959205131,7085.0237708474,5720274293.450668,120652815940.09138,2018-05-16
373,7243.7994714195,7301.0148718113,7110.1743452507,7142.6064599771,4381632027.19932,121988052256.69359,2018-05-21
374,6426.1630733637,6519.450777897,6308.2576113197,6314.0599852468,3477716710.729614,107698765032.61803,2018-05-26
375,6350.6687552253,6516.7008413359,6316.9397432528,6411.3011565361,4396441529.754759,109675012339.2214,2018-05-31
376,6619.6895123918,6639.6813017801,6391.8926187142,6423.7221874199,4280104508.829076,109988175307.73187,2018-06-04
377,6486.9284544716,6530.3247306859,6401.4788207282,6401.4788207282,3268077593.064763,109367742383.98776,2018-06-09
378,5374.300965938,5796.0077227089,5370.4620270772,5773.5254260995,4354101013.387562,96683621206.57515,2018-06-14
379,5797.9105139898,5900.2853930641,5764.5360153565,5842.7029786884,3488717764.210164,99569971001.80583,2018-06-19
380,5288.9573446214,5340.0083956725,4999.0649131274,5294.8194360312,3918412657.2286572,90644849135.99313,2018-06-24
381,5100.86472612,5359.6337894804,5010.9479649665,5322.5197335338,3430104657.9607368,92082251353.45499,2018-06-29
382,5618.7238332511,5817.3008520531,5528.8077148689,5659.2467015676,3582374062.9556565,96941866838.49387,2018-07-04
383,5765.5349145817,5822.135344612,5721.3816419212,5734.7312010888,3164096604.544294,98338770738.66054,2018-07-09
384,5346.5982028241,5389.9785549048,5316.4058321299,5371.0912427792,2502071044.9293966,92110786337.18442,2018-07-14
385,6337.0267073027,6436.8804955231,6265.4242192868,6407.1219008763,4390303035.30018,110042712970.0249,2018-07-19
386,6599.8201895527,7210.7074649063,6590.4036948341,7210.7074649063,6224503811.1529255,123704172488.88129,2018-07-24
387,7039.9968363933,7096.9970535561,6984.5403018027,7049.0264696265,3523670226.4927936,121127183260.12354,2018-07-29
388,6527.526974536,6529.2177516836,6324.3441491198,6427.2412898764,3994087181.7004747,110302828359.94821,2018-08-03
389,5815.7486423584,5813.7440758294,5360.0378787879,5432.7560954596,4365511593.828118,93481949452.63339,2018-08-08
390,5566.0142192574,5740.8009133222,5463.5541904344,5524.6688305992,3584639691.038357,95119535359.43123,2018-08-13
391,5756.2560111917,5785.914138323,5555.4166302352,5616.6477223048,3483885634.344671,96706317153.0996,2018-08-18
392,5500.1208563536,5674.8786407767,5501.0706268347,5662.8076256499,2957683011.0497236,97183560437.67265,2018-08-23
393,5898.8871768533,6080.1847259044,5896.4530500343,6068.8275036347,3988991611.0255094,104707409464.13286,2018-08-28
394,6198.4481420812,6299.0861281145,6148.9438744719,6271.7488789238,3732683852.056212,108136718705.92293,2018-09-02
395,5619.1754884241,5642.8423861582,5499.8452411658,5598.7100683923,3670436354.2473536,96041332805.7492,2018-09-07
396,5448.9864573449,5472.8844169247,5404.2008108341,5464.8541684591,3505762097.8176484,94592876129.56094,2018-09-12
397,5621.4998280014,5628.0787753698,5555.6415548676,5607.1410135077,2815385276.9177847,96802861389.74889,2018-09-16
398,5533.8289015377,5780.9325278652,5515.2050258935,5732.3602008682,5549180188.599099,98874410017.84045,2018-09-21
399,5487.5329534824,5602.1691051378,5437.6083630801,5530.0127713921,3773535164.554809,95501603984.18233,2018-09-26
400,5704.3084877208,5739.0666781679,5646.2453659798,5691.9927442343,3447626023.265834,98233387430.41792,2018-10-01
401,5747.6566568304,5752.9421975352,5708.9047040444,5718.0263843083,2829144245.7906613,98970316721.92328,2018-10-06
402,5711.7065556712,5709.2311692814,5387.1786022433,5397.9637618637,4493270898.369754,93948641032.77835,2018-10-11
403,5700.20723599,5764.0266021765,5672.7986878453,5699.0755140833,3518521716.6047835,98682071627.666,2018-10-16
404,5637.1840528099,5694.7624424564,5624.9457135412,5632.418107568,2826031442.7169285,97601933787.02336,2018-10-21
405,5687.5406664908,5712.2802390999,5667.4956063269,5679.1070958688,2906928690.758815,98737660264.66191,2018-10-26
406,5586.6966411002,5598.9065255732,5569.4586492682,5583.8872193742,3695001322.401481,96647374791.50137,2018-10-31
407,5582.5490252652,5689.9712617225,5583.834869282,5626.5944016672,3662384880.0961027,97776071198.56601,2018-11-05
408,5632.7516906738,5678.3248155974,5632.0284269152,5653.5730890412,3268199597.328491,98192885712.38258,2018-11-10
409,5070.337997414,5103.9821748368,4742.3699843874,4987.6679374237,6215898580.953175,86758857448.0773,2018-11-15
410,4246.6779750261,4325.117669164,3758.2606593961,3914.9342425054,7358706541.856706,67578544542.46871,2018-11-20
411,3422.3626936993,3633.4453671336,3160.7323005552,3537.5312650724,6019360978.108001,61510130744.52579,2018-11-25
412,3765.4898532019,3794.4406524227,3460.9067133567,3549.2968545501,5309692980.111471,61370888682.74843,2018-11-30
413,3489.9319735337,3500.6264905519,3308.4256726676,3308.4256726676,4674360211.286008,57610970324.94518,2018-12-05
414,3166.9339180159,3196.6389897791,3056.4650332303,3084.0921069315,4402234762.206739,53486868103.925255,2018-12-10
415,2868.6378289802,2896.3871339803,2822.0410177643,2862.2391918364,3140792551.456627,49874623820.599075,2018-12-15
416,3286.335934895,3666.7760671307,3275.5201330838,3608.39144213,7839662098.790637,63297960427.45165,2018-12-20
417,3579.0841282369,3586.5496069208,3297.5378839945,3342.6215964424,5400778587.384148,58369973871.850006,2018-12-25
418,3437.1905331996,3464.5194226271,3339.2243882595,3339.2243882595,4362951863.019671,58274808334.14939,2018-12-29
419,3472.5271941772,3471.3254492988,3355.276054874,3368.3557752281,4001806385.4994364,59180566333.70592,2019-01-03
420,3509.3027334248,3591.9459633413,3491.7041392714,3518.6078355926,4622706092.876676,61347012740.028015,2019-01-08
421,3190.0756394919,3203.931363561,3093.799789148,3100.2215759054,4081510587.383137,54149071269.70851,2019-01-13
422,3228.3856589341,3233.2304666711,3198.4307274613,3217.8013509871,4391389679.419104,56151049879.45163,2019-01-18
423,3172.958684829,3190.3394090453,3131.8645449541,3148.8458552916,4781808212.172209,55204789814.91414,2019-01-23
424,3140.6529534239,3142.0009428575,3008.6410365269,3036.3596475068,6053805248.59727,53236668849.64476,2019-01-28
425,3041.3501065009,3075.0934735567,3026.4679748186,3073.1501655734,4426467434.31055,53829488835.494606,2019-02-02
426,3004.6462441496,3023.2834862339,2992.6112676861,2998.1572171209,4403646446.24472,52420127629.07909,2019-02-07
427,3229.6747267907,3237.5132061988,3207.9013741907,3223.9577074804,5745528366.987803,56799117595.67749,2019-02-12
428,3216.3588121617,3258.1220238723,3203.8085970815,3252.190101555,6231587652.698465,57056055644.19976,2019-02-17
429,3485.1924162649,3534.0072493461,3483.7943683952,3532.994630579,6901351704.058681,61997381468.755135,2019-02-22
430,3385.6830021801,3414.5514456169,3330.3054049824,3384.327482563,7286001400.597794,59360088652.58436,2019-02-27
431,3380.1507767612,3401.6987654055,3293.7085944999,3317.8174216281,7937385910.017447,58102530598.37272,2019-03-04
432,3466.560676271,3549.0403520547,3464.6362169762,3527.7455621369,9609665722.085056,62017628526.023254,2019-03-09
433,3446.8279247946,3493.2916811675,3451.3134925246,3470.2215018194,9249716026.742548,60917055479.154175,2019-03-14
434,3557.2940772128,3595.673013742,3546.3670676581,3585.5989889302,8243284722.304317,63201442614.29083,2019-03-19
435,3568.888291637,3573.7846615331,3547.0150417299,3560.7893807171,8088136089.884445,62639227905.523224,2019-03-24
436,3623.012262968,3663.2658255776,3590.7942583953,3652.0615531197,9723584855.567835,64299353641.55087,2019-03-29
437,4354.9673574239,4722.8033446732,4351.9895138484,4422.5083002752,20436298346.06537,78225244590.71713,2019-04-03
438,4635.3776480069,4739.8226288749,4588.7093018563,4699.3056377775,15291983136.974958,83159851087.54587,2019-04-08
439,4494.3463879668,4516.7703906251,4391.4751499176,4500.6792598905,12143583205.49836,79735858143.97908,2019-04-12
440,4640.0378957309,4674.4902116986,4611.9980007072,4649.0682038775,11022446720.941366,82149073378.90009,2019-04-17
441,4724.7892972484,4816.1056070284,4698.8654580762,4795.5975712029,12986296943.673243,84805457832.2994,2019-04-22
442,4732.5179315185,4760.2271633614,4691.431060152,4722.1694752396,11752946618.7653,83442430736.9333,2019-04-27
443,4823.3749753375,4938.7471614106,4813.4275111264,4927.2454020762,13074823653.616554,86897978736.31404,2019-05-02
444,5129.0962711226,5354.2338532703,5125.0685425139,5209.4990530145,16092175343.39091,92048411411.27911,2019-05-07
445,6412.5623957818,6679.946705977,6066.2746761936,6205.3827659038,24723821641.649544,109841520039.94708,2019-05-12
446,7059.0274842397,7096.3156771336,6304.8575343163,6578.514905007,26910519122.793343,116384896989.68275,2019-05-17
447,7125.1460460544,7164.8770386467,6826.7350856462,6884.5959733329,22137178129.219387,121850119819.27585,2019-05-22
448,7738.1399908768,7957.4558731974,7730.7510477897,7866.8710629734,24934051874.989178,139251238623.18503,2019-05-27
449,7659.6969334222,7705.9387593943,7577.2723519167,7650.9210355945,20090600620.09143,135695679660.20149,2019-06-01
450,6964.1654862776,7064.8366206262,6715.2208913273,6936.5703354059,17344088625.50473,123615926111.893,2019-06-06
451,7072.4135218184,7093.6870782508,6866.0208510314,6997.7141806078,15115701724.143702,124363015036.23994,2019-06-11
452,7873.3914322125,8313.6828708053,7849.4506723575,8017.5516974056,20792117537.41931,142276269204.97943,2019-06-16
453,8433.4820078536,8909.2844790654,8365.2348482867,8909.2844790654,18260456004.883556,159631275462.70612,2019-06-21
454,10361.6296011053,12134.1363148774,10342.316299294,11443.037910669,39679558578.18786,203617455970.53787,2019-06-26
455,9503.080437656,9870.4753390585,8938.9004810448,9376.392605914,25858006072.750465,165732990175.1661,2019-07-01
456,9776.6056797012,10346.7263235284,9776.6056797012,9979.5332452019,18776014577.31275,177634950205.46777,2019-07-06
457,10782.6395073888,10786.9997015484,9915.5956342418,10096.2941608679,25398713198.280647,179706759851.25766,2019-07-11
458,9675.9993242121,9806.8855319919,8422.5808975193,8452.7487871743,21445757598.753937,149987326082.4532,2019-07-16
459,9599.2223682798,9656.5441932878,9248.7697970767,9448.1379423887,15257694104.577707,168325475214.6808,2019-07-21
460,8803.6350474149,9110.8536567885,8742.5306060567,8892.6769077052,14200154535.343359,158683259476.31796,2019-07-25
461,8545.8426880285,8701.905772524,8472.4252760311,8610.6534791601,12411605489.922768,153888466918.90707,2019-07-30
462,9727.5658490469,9912.8770621533,9546.5681204531,9875.9083401839,14859621323.85931,176101589199.77856,2019-08-04
463,10685.7562809578,10699.8175693788,10449.0390620823,10516.3273566254,16394960664.344545,189481973393.4173,2019-08-09
464,9744.0769744841,9744.1388759961,8997.9450176076,9021.0524687041,17888101973.30383,160791815896.07858,2019-08-14
465,9331.3292583789,9849.5554070814,9300.5818300585,9849.5554070814,14459345567.864264,176022188261.7094,2019-08-19
466,9271.1294825783,9271.7464821328,8892.2300382826,9042.0804003699,13763778103.340393,161959583164.7162,2019-08-24
467,8801.8695766002,8801.8695766002,8503.1531219064,8598.3434955577,15377564280.161991,153609764127.87442,2019-08-29
468,9435.5185878167,9782.7708299071,9419.9510533837,9681.0727557026,17679452288.984776,173568985578.16132,2019-09-03
469,9453.2076533142,9522.8827029499,9440.4732718938,9475.2700079749,12286490886.951128,168202068358.91818,2019-09-08
470,9420.8516418078,9437.9052995887,9231.1706378155,9308.951728654,12762584246.241026,168067175102.8567,2019-09-13
471,9253.4011902667,9284.7746185959,9203.1008092012,9246.4866763497,14600283874.41338,165241600976.45065,2019-09-18
472,9136.7465817933,9138.3415129466,8824.1436542955,8850.279362241,13744125822.341486,158518384127.56622,2019-09-23
473,7541.2927844928,7572.6808692674,7426.2788957034,7537.4013869359,12924377249.00593,135377302792.07733,2019-09-28
474,7655.4655650204,7674.7007445851,7413.2005006707,7525.1583122351,12470983407.532814,135439204986.15121,2019-10-03
475,7516.1292710007,7590.0286009065,7471.8334645265,7508.3531877724,14210695885.293758,134855388384.85818,2019-10-08
476,7554.8174322659,7676.4769941655,7500.9033164953,7545.0053927561,12512930743.782587,135657384208.02043,2019-10-13
477,7281.5970890363,7316.3525426363,7101.643265704,7138.1176177014,14068574882.033083,129002113721.92812,2019-10-18
478,7257.2504421858,7274.6596623854,6708.8709552124,6750.249516934,19717739373.9714,121613343519.4432,2019-10-23
479,8629.6444843775,8850.374130844,8340.0488704277,8340.0488704277,27921546908.626347,150466730509.63806,2019-10-28
480,8291.1726616199,8397.1266115902,8282.043852396,8349.8744694625,19020607464.716373,150507465472.15796,2019-11-02
481,8435.0713296603,8507.7601358261,8406.027882993,8456.3942512655,20890578758.41805,152436850257.60855,2019-11-06
482,8216.7527300947,8241.0793218856,7888.7723825293,7936.0102121856,18385580659.17013,143351995897.0291,2019-11-11
483,7683.4101561315,7774.6491354338,7667.8533848404,7737.3352559188,14926199871.328915,139670507372.21866,2019-11-16
484,7242.2780967076,7320.9774728007,6868.4964135847,6906.8295526514,20321738809.22476,124589926284.94081,2019-11-21
485,6489.1191595414,6645.9639336872,6443.5799330555,6548.1672110515,19189478861.60411,118453547936.97514,2019-11-26
486,6871.9458565517,6871.9458565517,6617.5709186739,6737.8570509078,16990783970.897476,121812726468.02855,2019-12-01
487,6709.2307718313,6824.454780877,6656.9197622997,6824.454780877,16303071909.245275,122922647983.135,2019-12-06
488,6560.3500622009,6613.2371657248,6461.8570317029,6483.0033842386,14739869253.442818,117744037159.10583,2019-12-11
489,6430.5208732981,6432.9829387725,6194.7021670606,6224.8405215487,18169967534.571877,112827592813.4427,2019-12-16
490,6518.4269327038,6520.8036385237,6421.0580621934,6491.8542637994,17434503032.52598,117599777692.37001,2019-12-21
491,6556.994968277,6652.767465259,6490.0180577166,6521.9473411827,20538615754.26101,118254523129.82059,2019-12-26
492,6512.0227907802,6537.0124404416,6392.1722775368,6411.4605423022,18897429876.398872,116454201668.88861,2019-12-31
493,6640.4909418481,6760.6085582205,6628.5042906514,6640.6663171715,17675599445.97321,120497893246.90038,2020-01-05
494,7092.0603241502,7343.3654830387,6963.0450956994,7343.3654830387,25848897090.75878,133454714780.43063,2020-01-10
495,7931.3363692692,7973.2618298191,7776.3359382295,7896.1892726464,36040417499.92416,143755325141.93564,2020-01-15
496,7846.1375016507,7880.9317261633,7722.77173452,7802.2331864335,23816468876.80502,141811123319.22284,2020-01-20
497,7655.4416690148,7672.0706384222,7524.645750438,7589.6128269668,17820719134.595394,137998503521.3285,2020-01-25
498,8458.3751393697,8657.1957512987,8379.8085497491,8621.2910066604,29397968802.23308,157053997067.97363,2020-01-30
499,8400.3201925745,8436.3974252582,8247.3039271381,8311.9480978689,27022122779.259914,151045294970.327,2020-02-04
500,9011.1710328435,9253.7556201272,8998.8356567062,9238.5464767188,32712328842.148113,168289583140.88776,2020-02-09
501,9418.5418090755,9523.9713362234,9341.4428305496,9521.3624048176,39972701243.30304,173273608128.51544,2020-02-14
502,8942.8547088637,9416.8317310643,8926.1075619836,9395.3121717147,43620660941.69618,170564913031.80472,2020-02-18
503,8908.7100892555,9166.6093565919,8903.6142341828,9157.4295972004,37969034605.37632,166831814632.66385,2020-02-23
504,7990.8438257606,8091.2040102688,7722.2240390209,7864.4687023703,40555944624.295586,143848457197.0834,2020-02-28
505,7863.161425291,7926.5828658392,7824.5391735354,7861.0551209017,31088086667.819187,142981048798.58487,2020-03-04
506,7123.6954299218,7184.403969574,6733.995968554,6952.2058626754,41222885938.49653,127089802251.92897,2020-03-09
507,5002.0879789384,5047.5382439951,4598.7452255648,4666.3094500805,32450296094.57772,85280221968.91505,2020-03-14
508,4786.7888479158,5934.0768137187,4804.693641111,5808.2305209675,46541533813.456024,103267866656.8505,2020-03-19
509,5979.6923300071,6254.9370955376,5937.9169814203,6236.5966707912,44798540789.8036,114406329815.6776,2020-03-24
510,5592.1761503554,5596.5121667422,5322.3053319459,5315.3001945638,25405093516.93593,97003602484.2344,2020-03-29
511,6268.1105088106,6459.924922314,6186.5492808268,6232.1203663068,35941560372.193596,113647529816.85683,2020-04-03
512,6589.2181140673,6776.6416983137,6579.0239881375,6752.5704529867,34475926068.51095,123270964762.6212,2020-04-08
513,6372.2923781356,6372.2923781356,6111.8801741719,6267.4055007076,35329754556.159035,114738881854.52397,2020-04-13
514,6522.5464680185,6685.0158284606,6519.7466749128,6673.7131439575,29840608401.319614,122364579231.09851,2020-04-18
515,6589.529650452,6947.139657105,6568.1436095896,6895.3342741466,40252404897.40089,126099391036.37512,2020-04-23
516,7203.1999536296,7215.6374102728,7139.6781508034,7206.9376749854,30660564021.10675,132355954086.62607,2020-04-28
517,8097.3626457836,8263.3613791221,7959.7782790041,8119.2425291674,42455099863.245544,147242577074.86136,2020-05-03
518,9169.4285678771,9215.4078893097,9013.821244187,8973.5786129016,47785034838.545494,166852872029.48206,2020-05-08
519,8118.347429241,8614.4998556959,8118.347429241,8566.4141788682,42003469835.6199,157060939867.90417,2020-05-13
520,8943.322275694,9152.5280158398,8853.3572604988,8911.8866349788,38661160022.64025,165247306801.2883,2020-05-18
521,8426.2755103993,8534.0126854488,8364.85276482,8448.4989840011,25437240006.49075,155318996403.66168,2020-05-23
522,8337.6338216803,8619.3146905025,8314.0904111218,8599.1908114696,31196710619.65458,159002611334.76196,2020-05-28
523,8512.4281206979,9164.1867324725,8491.7557133532,9138.787929155,31661094720.905983,168198885522.88153,2020-06-01
524,8559.8678872315,8655.5664088828,8494.0223304435,8549.5107365666,18101592560.54853,157290258339.979,2020-06-06
525,8683.8036607484,8726.6899895731,8203.4300057806,8257.7092847829,26611769517.247234,150921136371.1105,2020-06-11
526,8338.9655282797,8451.5674011377,8295.8081158374,8466.1793472137,19021493915.402283,154853033752.81808,2020-06-16
527,8348.0626681874,8410.8512397499,8321.4206910048,8324.2831322363,13710131229.511808,153246815830.73907,2020-06-21
528,8254.3989259161,8299.859828939,8128.2347106599,8167.8339149984,16347895231.88808,150400530892.4027,2020-06-26
529,8140.9784872491,8272.4712864703,8105.6723207808,8201.6466833491,14216516544.447903,151309542061.45972,2020-07-01
530,8066.4351069227,8287.6759248333,8044.4292095554,8287.6759248333,15904878836.476137,153584069525.58224,2020-07-06
531,8209.7538335159,8223.9307109898,8140.7075235579,8177.2999237495,11724965001.155577,150701980274.74707,2020-07-11
532,8050.7775036381,8074.8707899668,7983.5041745919,8017.4111465628,13763047026.788471,147449450454.89465,2020-07-16
533,7996.8227396031,8224.920606061,7984.5902375402,8126.1431344522,15770697460.840103,150869571358.96332,2020-07-21
534,8304.9057873911,8599.6651637558,8281.4092867207,8499.5843940246,17594304531.23316,156730127420.9442,2020-07-26
535,9355.8641937513,9680.9493960997,9239.5736686646,9613.4304922451,19503338948.399708,175909903731.09897,2020-07-31
536,9483.2295781251,9932.8060068455,9450.4984871966,9894.4351015599,20662369299.483276,183472996494.09958,2020-08-05
537,9898.9236854094,10211.6411037648,9898.9236854094,10118.9630380231,22165658748.91996,186087012099.62827,2020-08-10
538,9937.7232425898,10102.003821672,9937.7232425898,10019.6687835751,19721365262.13191,184982337633.55176,2020-08-15
539,9930.5165022542,10032.4393343467,9889.3358791746,10006.6372129052,17034441824.019327,185202731415.4868,2020-08-20
540,9982.2730511655,9975.784214223,9462.1268573524,9603.4293886896,22299814100.314346,178000585736.08652,2020-08-25
541,9665.9041667611,9837.1555954302,9652.1871263619,9824.9230565368,16596076977.778614,181727260477.9166,2020-08-30
542,8640.7710227061,9002.0760731961,8653.526122067,8879.7181221408,25309148416.274414,164072349593.46146,2020-09-04
543,8612.4275842471,8766.6302296891,8503.7045392912,8677.3784935569,20505236571.36543,160896767668.72394,2020-09-09
544,8822.4519260214,8927.8042965717,8631.1850398184,8719.929363091,30813974165.339813,161106372893.9382,2020-09-13
545,9242.0766382528,9305.0648451955,9133.5809432503,9243.4688329066,22229537583.103992,170807226871.07446,2020-09-18
546,8998.7855147259,9002.9828913248,8744.903723815,8789.7628061625,20318847647.06827,161885086506.38727,2020-09-23
547,9262.6718486247,9380.0974842715,9166.1933543393,9171.6176126245,41052542469.31237,170316589370.51663,2020-09-28
548,9025.3936633791,9045.7402210681,8970.7972883763,9003.398594683,38115621387.6155,166623133748.39618,2020-10-03
549,9068.1652822451,9312.3484787177,8979.1869456878,9276.5754459303,53812826627.96525,171739368056.94812,2020-10-08
550,9776.3261890866,9784.2537536209,9639.1849023929,9730.6729843164,20521065243.538864,179096404576.8386,2020-10-13
551,9693.545954492,9800.7144966238,9686.3724946316,9800.7144966238,15606765104.111708,181547340578.06525,2020-10-18
552,10977.951191426,10989.4543417981,10769.7761969563,10901.196875245,24521811094.713863,202739960421.701,2020-10-23
553,11589.1237574386,11747.3178266296,11027.5111245873,11295.6687434972,30442673850.610786,208709443213.12262,2020-10-28
554,11799.9320877186,11864.2214798894,11377.6753946357,11640.8189151988,26432280217.91244,215708699000.313,2020-11-02
555,13109.1020846877,13253.0107723396,12146.5147532363,12492.2608553853,29496930237.307526,231571490490.16812,2020-11-07
556,13329.2253106737,13812.295179226,13192.2058915992,13789.0744485945,29012655652.232334,256151958633.13123,2020-11-12
557,14069.4747068107,14987.1786993726,13968.4998072525,14873.7007203189,32890809261.0763,275945145926.3603,2020-11-17
558,15723.0270855497,15762.444768886,14904.2050047034,15481.6502868515,34816289750.05761,287425507721.4867,2020-11-22
559,14401.8593803482,14641.5739928135,13834.2030298039,14301.1011966369,32647817649.720615,266532684734.13425,2020-11-27
560,15575.5900134803,16020.1798760913,15189.1765597985,15850.039923891,30972416962.0519,295230303243.841,2020-12-02
561,15959.5319931666,16014.4278318853,15618.1739773785,15847.1057025979,22191512364.18131,293968636563.458,2020-12-07
562,14904.1626061205,15621.0220689479,14899.8037536935,15525.3333133714,17960127101.901325,288294463218.71216,2020-12-12
563,17471.6548833636,19279.2416846212,17411.8401829766,18598.7266497451,58526460024.41373,347309366364.109,2020-12-17
564,19222.6211978934,19740.6861656374,18136.9552534517,18637.5741185286,37547595308.386505,346895570789.28595,2020-12-21
565,20240.0885695331,21914.1617465944,20113.5099132266,21683.6581649638,39642437311.71169,402923957961.3589,2020-12-26
566,23451.1124642931,23781.8459879378,22979.4061062978,23741.7359014708,38016508673.0254,438303019446.5801,2020-12-31
567,26098.190028275,28009.3666191628,24633.1684261305,27639.4822463272,55129019309.86818,515793009792.13776,2021-01-05
568,32927.7891415494,33881.5505838619,29440.8586642868,31472.6860212459,65423931687.71958,583480324109.9873,2021-01-10
569,32225.6575009488,32558.050021123,28660.1880576676,30485.842294641,55766561649.77288,563754346413.017,2021-01-15
570,29697.4339387816,29955.8058781391,27749.5248042909,29342.6776819307,55057118347.96104,544849498958.5216,2021-01-20
571,26535.1492683831,28648.3303183204,26428.9461189843,26654.5985683567,49228371121.373276,495061304834.6539,2021-01-25
572,28255.7006677038,28700.0723261863,27139.1894172927,28234.4189115146,53668984768.481735,525572659512.47644,2021-01-30
573,31121.9496430883,32148.9423858251,30341.8175535303,30859.5551862993,57167955640.00047,570983629687.9763,2021-02-04
574,38320.1492693294,39742.1870605429,37317.6198935137,38362.2962401692,76175548059.52567,718265805936.2823,2021-02-09
575,38871.7790198241,40829.7286144217,38871.7790198241,40194.0541367974,58783648248.36791,748774317391.5869,2021-02-14
576,42736.294902709,46308.1267956914,42149.5259768091,46118.9996908269,52511093428.54656,861227043049.1437,2021-02-19
577,40190.105102998,42211.4234689622,38837.5875203483,40844.413251394,52419885410.0907,762399280253.4946,2021-02-24
578,37350.4766251833,41319.6872259971,37313.1596020687,41192.193244291,44572362605.46502,765242875165.3373,2021-03-01
579,41052.9580092909,41244.3946772072,39658.5638383848,41047.3196606676,28849655802.230618,765707778655.8973,2021-03-06
580,46931.2824540839,48472.5769045544,45614.7737574614,48247.3927587466,47609855062.068634,904135298969.3683,2021-03-11
581,46820.7684279173,47749.3621564335,44903.3736695192,47727.0803804901,50098353881.22827,888564016627.3402,2021-03-16
582,48809.1873526753,49192.5495256761,46872.5010159854,48405.2109558605,43480014291.39787,898519998157.16,2021-03-21
583,43889.3672172034,46749.4396006184,43801.7676540629,46749.4396006184,48109216479.09528,873957859693.6383,2021-03-26
584,50267.8216010814,51103.4728298651,49192.606834177,50240.5600056765,55889592374.38903,938319819192.4014,2021-03-31
585,48986.6363169956,50099.7208984932,48610.7536923843,49933.1974119901,43157056642.466225,933076779266.1338,2021-04-04
586,48950.5685179509,49553.6204031494,48623.2926270622,48942.1111217475,39155383771.987236,913029355317.2324,2021-04-09
587,53140.6065646232,54238.393580421,51406.6882436473,52664.0946120182,64792053941.85421,986340020986.0378,2021-04-14
588,46948.2370982396,47856.800614848,45194.2740559491,46276.8305785302,54595830874.74778,869998973947.4574,2021-04-19
589,42272.3825340692,42292.4983255122,40344.4493477086,41374.099752653,40512881646.42675,773213155359.1058,2021-04-24
590,45206.1943008042,45418.0460278845,43228.152116084,44170.9681610452,37979905207.50311,825040622512.2869,2021-04-29
591,47444.2855959458,47444.2855959458,44272.7124147337,44387.2634630198,56856597605.53069,827021072003.894,2021-05-04
592,48405.9862410009,48680.1672522899,46436.6227326086,47846.5243256761,54185119562.34234,895521323848.4038,2021-05-09
593,41139.1981977371,42387.1190886092,40433.8616736377,41072.7784706094,46152542965.6745,772785005662.0387,2021-05-14
594,35135.9040569465,35623.2925051934,25122.6846642976,30403.2032185686,103381268428.69023,566537687243.8574,2021-05-19
595,28487.8880776938,32608.7267835394,28367.0590508028,31689.2040059583,55300063038.06235,594653452833.4491,2021-05-24
596,29267.2890546051,30538.73032155,27634.8512053317,28391.16434261,37097391592.718796,531524089568.68646,2021-05-29
597,30794.8567264606,32362.9886680275,30512.0137446116,32321.5502040576,29043241118.48176,601348083712.3888,2021-06-03
598,27550.1250063783,27898.2041594494,25546.2951892739,27497.9343442064,40929661772.43818,514228445789.3703,2021-06-08
599,29363.2159506137,32476.5662086512,28792.0022320438,32286.5052562783,33585976800.46227,604895778236.7263,2021-06-13
600,31981.6535265829,32063.8566191763,29697.7693903542,30165.8559459391,30387929800.775032,562909544743.9355,2021-06-18
601,27240.8200346407,29078.559181828,26618.4441620076,28266.5754433854,38803269612.273254,529482616780.76,2021-06-23
602,29038.4242761446,29497.7159719592,28403.1591824852,28866.3032939608,28379769193.66727,540458912890.60065,2021-06-28
603,28533.3865384697,29422.4318834913,28152.6611107772,29219.5539753124,20551434327.464256,547786078726.83777,2021-07-03
604,28736.9628191286,28757.2968163144,27150.1615486749,27752.7108020829,25362760373.434467,522760046387.47076,2021-07-08
605,27922.9482082217,28141.9043427236,27391.3654932985,27772.1955155664,16117830524.698479,517014975490.83167,2021-07-13
606,26595.7181959121,27051.9804159027,26448.9059484787,26710.715515407,16005403694.97968,501072803057.34534,2021-07-17
607,27251.353725503,27691.7968618385,26923.9501756195,27447.9480971936,16581368836.635994,514111222104.04443,2021-07-22
608,31576.753776992,33336.0652835151,30871.8635342875,33336.0652835151,29731193185.658665,626529870770.5768,2021-07-27
609,34937.9338645467,35848.7246734782,33328.8211488114,33690.8423706622,22489626212.018517,632402852495.6333,2021-08-01
610,34533.2921858625,36792.5066254224,33779.5490113271,36399.932799734,32302907232.912937,679431514527.445,2021-08-06
611,38908.4946566754,39816.8419312165,38689.5447793008,38829.9112276611,29283703602.977837,730732401535.496,2021-08-11
612,39867.2377871689,40689.1385093375,38807.2052198537,39058.0370051518,27790825362.955784,732860589969.9926,2021-08-16
613,42158.0741448722,42504.073817993,41303.0640052944,41810.2820113983,34686713913.048515,785515000416.8114,2021-08-21
614,41624.6570486211,41936.7115133722,39418.7886117841,39938.9083842901,27748175865.62251,749574232713.2408,2021-08-26
615,39862.6284765357,40754.2881101986,39620.2371239821,39937.7798508665,29440998537.896538,751801391023.7666,2021-08-31
616,42022.8573335837,43661.2926613204,41686.8791532048,43543.5094252958,25516623090.156147,819081053665.5017,2021-09-05
617,39237.6574522405,39785.8910544207,37539.6911029421,38002.7578486651,33113101540.676876,714081191965.7444,2021-09-10
618,39904.9563600186,40996.848396978,39622.3397407982,40762.1512119402,25828751743.636772,768082306459.1552,2021-09-15
619,40293.1374633141,40359.6421725167,36324.095544527,36534.4955620787,37435734090.83419,687500041797.719,2021-09-20
620,36551.9334637329,36685.9136489508,35631.0257039373,36447.2923535488,26965207954.98494,686138606821.5942,2021-09-25
621,35817.4863222838,38067.2144182873,35731.6532532015,37835.9031020621,26844347811.502823,710827537912.2072,2021-09-30
622,42332.7065596819,44701.3604861108,42237.5325426681,44425.1908048593,30882373326.982895,835313276400.503,2021-10-05
623,47494.9540673239,48723.902306216,46899.8370970202,47357.2052813153,34163317550.749138,891864962368.8595,2021-10-10
624,49476.8399636996,54100.473988874,49035.86400429,53099.5900017087,44674767195.90014,1001450370628.8317,2021-10-15
625,55258.1945879994,57457.2610478158,54619.5605243136,56634.0628518407,35061655961.5551,1069263846229.7812,2021-10-20
626,52316.2871495532,54906.255481075,52119.6892700812,54303.4512952917,26689046034.15996,1021150216763.7053,2021-10-25
627,51894.64687524,54531.9967454431,51632.0733450553,53825.3225347157,31549343364.75962,1004521956617.4883,2021-10-29
628,54627.8984529099,54845.9228493899,52820.1709930903,54214.6290618576,31198149000.411564,1025818555863.9941,2021-11-03
629,54756.7020609239,58408.3921521589,54756.7020609239,58305.0392867514,35550332985.8727,1102006410130.8123,2021-11-08
630,56063.4206584113,56725.3940074012,55316.8283357986,56335.5374855628,26629356280.86454,1063187135655.7638,2021-11-13
631,53332.0446979072,53811.9778057693,49726.4683112202,50086.5308088179,36569246094.45519,949743806434.9587,2021-11-18
632,50085.210504097,51445.2571473408,49416.9116473306,51188.4640309506,33345159486.075737,966917791288.1948,2021-11-23
633,48421.3875173608,50827.2419060652,47329.2598073536,50696.086072419,24838232472.53286,955106130282.4977,2021-11-28
634,49981.6221385776,50839.1848925788,46423.7803670956,47371.3093918715,35192971954.32527,895534773303.295,2021-12-03
635,44946.2062390419,45188.1110808607,43246.9451172111,44519.9772673716,25263743304.831566,846550493480.8124,2021-12-08
636,44307.1942313697,44382.2727696951,40644.0637992465,41421.2805884524,28439086527.908134,780979188377.5612,2021-12-13
637,41119.7925277179,42094.1671895419,40567.4752421306,41680.4197127798,23218815860.802364,787934490875.9655,2021-12-18
638,42931.7126618685,45285.3393494039,42421.7546207031,44849.7046936642,24918579742.701427,847831166483.8771,2021-12-23
639,44732.2231201198,44732.2231201198,41924.260800696,42064.8832814559,29507088143.48606,794445984402.8031,2021-12-28
640,41921.1660504039,42097.4281230072,41196.7121173986,41629.8002281776,24575075848.89666,787491021687.1196,2022-01-02
641,38196.9948785353,38196.9948785353,36222.5028349872,36575.8984118926,74525869376.71,696065831119.6492,2022-01-07
642,37605.1669520536,38559.4825927967,37401.8194263841,38415.8210121146,29473715057.319077,731861819310.5146,2022-01-12
643,37804.2429801998,37857.5311495814,36531.2596784368,37028.761725652,19017717220.032173,701329169876.4313,2022-01-17
644,32148.4300792837,32339.9026327895,30277.660941628,30877.9408743239,35006840730.76268,584740969976.7311,2022-01-22
645,32774.5738316003,33333.3381743158,31971.1148339475,33324.2862046424,22276878170.88756,625795938115.9102,2022-01-27
646,34269.2049953863,34795.5699932043,33847.9819210011,34367.7623384755,18067538485.184498,653684684414.9216,2022-02-01
647,36195.7938085427,37100.5519433179,36024.4159408282,37026.6064496009,14098943648.056297,702012157566.7502,2022-02-06
648,38829.7352689407,39776.2698263104,38122.8132184034,38176.5870132975,28142709863.966965,723000128915.48,2022-02-10
649,37666.7484602925,39328.8145424771,37562.966155889,39255.9105946708,20096784832.159363,747487153514.3085,2022-02-15
650,35433.5902481154,35435.1707393157,33679.3027493225,33958.772761765,16198984020.826317,643710420924.7208,2022-02-20
651,34254.4231086469,35321.2778299613,34100.8853810779,34782.8960517507,23720722678.842323,664672627034.8612,2022-02-25
652,39845.5142646343,40631.0796815619,39156.9309541285,39526.8731414418,26214577229.912346,748591174108.6509,2022-03-02
653,35341.5467337045,36295.2489167832,34336.8780679758,35027.5821122321,26252489418.263714,664269156393.4133,2022-03-07
654,35545.582074681,36016.661124074,35525.4910889289,35645.9578919989,13392381380.462145,676616850925.3157,2022-03-12
655,37326.8416562807,37422.8567584436,36835.599894246,36895.9647264341,19969179013.745712,705434861107.4167,2022-03-17
656,37282.9646714404,39245.6405784907,37218.0561609661,38404.8678117472,29050622961.386627,730188329244.3461,2022-03-22
657,40516.5199667135,42638.9158425389,40454.5567669646,42635.5841169065,25636941819.66673,809673623317.8934,2022-03-27
658,41138.7809304075,42231.3800339977,40130.2267500123,41889.5159676111,34463691826.81127,794126802811.8296,2022-04-01
659,41761.4414417657,41761.4414417657,39635.3769062152,39647.1073826806,36121380333.65619,752928414738.5297,2022-04-06
660,38772.4992813845,38944.7139572945,36173.9973392636,36335.3294664079,31191719451.76895,690238968982.9852,2022-04-11
661,37507.1225015781,37582.3757202543,37068.8162981681,37388.887569377,15569098908.093796,710897801355.7617,2022-04-16
662,38131.1325022674,39409.8494073419,36981.5981388683,37405.0548998146,32602248273.785133,710393111626.3027,2022-04-21
663,37756.2970065146,38091.4265131194,35609.5379808106,35814.5960104239,32268273598.16565,676852104607.7981,2022-04-26
664,35768.5428621234,36635.9734047682,35647.6386612057,36515.6717832654,25610335781.959072,694241134823.3733,2022-05-01
665,34700.4159793335,34757.7991091924,33570.8166995336,34167.5152063913,35860217148.35459,650828842350.4246,2022-05-06
666,29457.4334719323,30325.9430866701,26794.2884066194,27527.0387956769,66851393479.94424,523185545313.77277,2022-05-11
667,30105.2913970269,30106.222755784,28059.6664584466,28606.6748596353,31364654564.52067,546862014300.0183,2022-05-16
668,27636.4693554969,28004.6511897182,27473.2381258681,27856.3951531703,16349928209.421606,530552539954.15045,2022-05-21
669,27628.181990689,28148.8237177572,27374.6661942488,27662.0631210358,25645432011.46228,524689182222.38965,2022-05-25
670,27440.8929656135,29631.0149021393,27310.2254763057,29448.5310137923,36606657673.38609,563399878786.029,2022-05-30
671,27710.5702344727,27922.9115090381,27518.2844232455,27831.8118378323,15474013962.555561,530369968284.2511,2022-06-04
672,28193.7559500649,28560.1395881244,28284.8233529027,28356.0468755752,20240722835.7372,535624296039.98096,2022-06-09
673,21593.5274852027,22084.0590990266,20144.8193496788,21274.7514898667,48888487787.21025,406587238144.18536,2022-06-14
674,18112.522895233,19728.0842228407,17213.3705876204,19593.4340276716,33660390856.255867,373465088922.6996,2022-06-19
675,20043.6146483877,20341.9178534878,19733.6701760448,20113.3632303067,23725519245.65828,385021121357.2489,2022-06-24
676,19273.3373071455,19340.897981185,18932.6672167333,19245.862844415,22382334002.81427,364535932148.47687,2022-06-29
677,18496.6879173371,19415.7807384169,18274.80840819,19391.9676279854,20698698263.493668,370099839548.406,2022-07-04
678,21318.7156838524,21476.0876036672,21052.8089656144,21196.3777525756,29097746702.16598,404629037373.7762,2022-07-09
679,20141.7363979988,20739.7068688696,19781.6801238751,20515.2246440848,31051245668.899925,391400731390.8936,2022-07-14
680,22142.9874516043,23139.1653284883,21324.6110510821,22862.4221455826,48060106631.35206,440232101434.5952,2022-07-19
681,21996.9686048129,22490.0553058865,21841.6087216807,22166.9295077548,23074013332.950737,422881405069.3889,2022-07-24
682,23395.7539658586,23731.8276650534,23115.0781692486,23277.8843103528,35210810975.3218,446264275494.0114,2022-07-29
683,22629.5279052377,23225.6308900489,22382.7336655701,22494.5794632544,25885776948.507797,429949758300.457,2022-08-03
684,22787.2367341915,23819.721545466,22792.9753962399,23347.2259221904,28091932326.49119,447445602789.8725,2022-08-08
685,23777.9063085571,24224.0556898799,23723.2680600256,23799.2269038263,22399261008.72283,455059805597.3739,2022-08-13
686,22933.5044374544,23180.5423090269,22957.1602928768,23007.7473782535,23332979821.59082,436195936945.3637,2022-08-18
687,21533.9461635702,21639.4068538553,21131.2241820073,21600.0988239422,32076244781.993023,414390721530.6455,2022-08-23
688,20111.4189181858,20209.7825917503,19742.8726375338,19742.8726375338,24452386829.61508,376685672253.46344,2022-08-28
689,20223.6439817434,20370.6796598792,19897.3539938758,20064.0684369601,29265192074.350838,384065901483.91626,2022-09-02
690,19915.4056274915,20225.1470335015,18984.9209419203,19033.1461902263,43617917122.459274,362394129638.0838,2022-09-06
691,21355.0129854723,21618.0722360872,21087.4673992876,21616.7844681545,33979164224.199707,410619364686.62506,2022-09-11
692,19728.3595912507,19931.3742810108,19388.6294047885,19740.7305724126,30160594748.709316,379161238086.5684,2022-09-16
693,18945.7842406681,19916.2938158401,18590.477550779,18865.0981703123,46497553520.17673,356339938982.4361,2022-09-21
694,19414.2940513423,19895.7171736362,19417.287095449,19982.4483022498,45581912462.88482,380292497383.6465,2022-09-26
695,19823.6132658248,19864.4721954259,19616.7612214189,19699.3987919843,19097672330.811607,377619597319.536,2022-10-01
696,20339.8063660415,20584.3938111088,20323.8410181996,20384.9047756417,35019199064.94113,385966316230.05914,2022-10-06
697,19707.7918148421,19801.8627946335,19518.1827842959,19639.0021117445,29564810956.861305,376198381709.4722,2022-10-11
698,19615.199795603,19917.2140214483,19615.199795603,19782.6279510161,18504263134.559566,380172144685.6194,2022-10-16
699,19483.5196364017,19505.03535209,19211.900147233,19443.5104145938,33192380882.136467,376147415105.08276,2022-10-21
700,20166.457912268,20804.6113333641,20164.1113957681,20577.9408219239,59113512178.37393,400061309569.033,2022-10-26
701,20727.8888936598,20932.0712555413,20524.0514358727,20732.3979455413,45876943366.42224,395208976125.7083,2022-10-31
702,21181.8983553484,21482.2734587505,21134.6195719947,21317.8077365548,37912391730.68906,409329989952.2598,2022-11-05
703,15852.2337178474,17705.7732901712,15809.5228672619,17255.7708240954,83040288874.55557,337078119230.16437,2022-11-10
704,16102.342711112,16423.6994804851,16029.8148906885,16301.7908042108,35464853660.958694,314272184292.9999,2022-11-15
705,16154.77576674,16187.5046871374,15737.9964136745,15770.0376574176,20601597058.238148,302559450320.09784,2022-11-20
706,15951.8258013801,15952.6329999315,15741.8004360731,15865.7917557798,17946479263.055183,305060401559.40326,2022-11-25
707,15929.3855140066,16487.5194607529,15929.3855140066,16471.5389557834,28597067702.749912,319641647905.3632,2022-11-30
708,16245.6255282972,16424.7530633744,16136.503365479,16171.7975873931,21063853062.403305,309517752049.46826,2022-12-05
709,16245.9319270403,16332.4316955721,16241.2290104713,16248.8554306692,12048024271.19154,312312783493.38245,2022-12-10
710,16685.4525994787,16720.2757969661,16294.8927662096,16322.2784219907,19636706934.00395,312856566436.49963,2022-12-15
711,15833.539650681,15861.4813257908,15459.5561270382,15491.1594496183,16270058178.046583,298805712231.7365,2022-12-19
712,15746.6448745254,15809.9337667501,15743.4120736058,15794.046107606,9135294366.246176,303918248078.3191,2022-12-24
713,15572.9546735574,15637.7978970313,15534.2746387954,15611.1498352502,13615944131.644968,301357281285.3948,2022-12-29
714,15631.0914354286,15727.6854535781,15769.7092198981,15817.3416702165,13021888143.3222,300759555046.92053,2023-01-03
715,15899.2248704959,16028.5538184768,15871.0018302255,16028.5538184768,9160991903.760176,308636381079.2985,2023-01-08
716,17374.8470967779,18406.227124983,17274.233468999,18355.7517827365,26910962617.45877,353118575187.8861,2023-01-13
717,19612.6968053694,19814.521293879,18990.4114368071,19160.0039666121,27810113806.081554,369427957639.14624,2023-01-18
718,20913.4670204762,21279.7901577814,20856.5494841966,21096.0074381757,24408952255.25631,406799602948.9259,2023-01-23
719,21229.7820718109,21304.9099702147,21070.4573529855,21182.8908833062,13533481188.471874,408349163067.2103,2023-01-28
720,21539.3142616858,21932.1782955075,21521.5702121303,21524.5736538595,29117868964.710114,410916919317.4135,2023-02-02
721,21210.5926106633,21693.7994871848,21207.3990698789,21680.2023364305,25340161653.497326,418145044712.8099,2023-02-07
722,20462.0883171925,20617.1245705529,20302.1746524774,20405.8731725562,16673103701.355183,393202331719.84283,2023-02-12
723,22147.2199814917,23301.1111917814,22003.0454116725,22923.2195367717,38777518462.620285,444394635365.42114,2023-02-17
724,22942.8259656907,22972.3321641397,22263.1585407393,22807.732609254,28352964977.78014,438270580263.06506,2023-02-22
725,22325.7468390814,22517.2207913697,21880.1505699424,22171.4829230175,21472297092.002228,430260787619.3826,2023-02-27
726,21014.8189379669,21054.5256712834,20860.7598372034,21005.823071424,10492892156.593842,405588687151.5281,2023-03-04
727,20589.5057489235,20665.2907546318,19103.7520317526,19235.7038999591,28784122671.410057,372798417817.2611,2023-03-09
728,22569.8893278835,24711.3982216665,22474.36573923,23069.6023389348,50939162428.47376,445803989441.9879,2023-03-14
729,25028.5355697078,26640.3305733283,24971.1948412099,26251.658037708,35051219393.77907,502780583973.84894,2023-03-19
730,26141.9088337595,26205.1397754282,25123.5875542114,25512.3939490253,23978683882.4162,490432024947.0418,2023-03-24
